Unnamed: 0,Cod. Prestador,Descripción Prestador,NIT,Validación RIPS vs REPS
,528850180201,FUNDACION HACIA UNA NUEVA VIDA,900340536,Prestador sin servicio domiciliario
,522150090201,CENTRO DE SALUD DE SAN BARTOLOME DE CORDOBA ESE,814006908,Sevicio domiciliario habilitado
,520010121301,RED MEDICRON IPS - AURORA,900077584,Sevicio domiciliario habilitado
,520010031301,IPS PASTO SUR,814006380,Prestador sin servicio
,520010055701,FUNDACION HOSPITAL SAN PEDRO,891200209,Prestador sin servicio domiciliario
,526120139401,E.S.E. CENTRO DE SALUD DE RICAURTE,900121152,Sevicio domiciliario habilitado
,528350026001,HOSPITAL SAN ANDRES TUMACO ESE,800179870,Prestador sin servicio domiciliario
,520010028301,HOSPITAL INFANTIL LOS ANGELES,891200240,Sevicio domiciliario habilitado
,523560089001,SOCIEDAD LAS LAJAS S.A.S,837000974,Prestador sin servicio domiciliario
,520010204701,Clinica Hispanoamerica,900335691,Prestador sin servicio domiciliario
,520010031201,SALUDCOOP CLINICA LOS ANDES S.A.,814003898,Prestador sin servicio
,520010159701,MEDFAM S.A.S,900243869,Sevicio domiciliario habilitado
,523560150301,CENTRO LOCAL SAN VICENTE,900190473,Sevicio domiciliario habilitado
,524350090301,CENTRO DE SALUD SANTIAGO DE MALLAMA E.S.E.,814006625,Sevicio domiciliario habilitado
,520010145701,HOSPITAL LOCAL CIVIL,900091143,Sevicio domiciliario habilitado
,526830060901,ESE HOSPITAL CLARITA SANTOS DE SANDONA,891200248,Sevicio domiciliario habilitado
,523990134301,INSTITUCION PRESTADORA DE SERVICIOS DE SALUD IPS UNION SALU EU,900116413,Sevicio domiciliario habilitado
,522540138801,E.S.E CENTRO DE SALUD SAN ISIDRO DE EL PEÑOL,900126464,Prestador sin servicio domiciliario
,525730056201,CENTRO HOSPITAL NUESTRO SEÑOR DE LA DIVINA MISERICORDIA PUERRES E.S.E.,814003370,Sevicio domiciliario habilitado
,523990088601,Centro de Salud Municipal Nivel I Luis Acosta E.S.E,814006689,Sevicio domiciliario habilitado
,520010187801,AHARA IPS,900452452,Sevicio domiciliario habilitado
,523560216701,Centro de Rehabilitacion y Terapias Integrales SAS,900721733,Sevicio domiciliario habilitado
,520790005501,ASOCIACION DE AUTORIDADES Y CABILDOS AWA UNIPA,840000269,Sevicio domiciliario habilitado
,526850137801,ESE CENTRO DE SALUD SAN BERNARDO,900134576,Sevicio domiciliario habilitado
,527860153601,E.S.E. CENTRO HOSPITAL SAN JUAN BAUTISTA,900127211,Sevicio domiciliario habilitado
,520010216702,CEDERTIS SAS HOME CARE,5200102167,Sin registro REPS
,522270009101,IPS INTERCULTURAL INDIGENA DE LOS CABILDOS DEL GRAN CUMBAL PANAN Y MAYASQUER,814003158,Prestador sin servicio domiciliario
,520010240001,fundacion Centro de rehabilitacion funcional praxis,900936382,Sevicio domiciliario habilitado
,520010231401,MEDIFORT IPS,900298822,Sevicio domiciliario habilitado
,520010152701,ASISTENCIA MEDICA DOMICILIARIA DE NARIÑO LTDA AMD-LTDA,900204991,Sevicio domiciliario habilitado
,520220150601,EMPRESA SOCIAL DEL ESTADO CENTRO DE SALUD NUESTRA SEÑORA DEL PILAR ESE,900192678,Sevicio domiciliario habilitado
,520010243801,IPS MEDICALFISIO SAS,900987119,Sevicio domiciliario habilitado
,527200105901,CENTRO DE SALUD SAPUYES E.S.E.,900014225,Sevicio domiciliario habilitado
,523540141401,EMPRESA SOCIAL DEL ESTADO SANTIAGO APOSTOL E.S.E.,900142999,Sevicio domiciliario habilitado
,528850138301,CENTRO DE SALUDYA E.S.E. DE YACUANQUER,900108282,Prestador sin servicio domiciliario
,520010082901,CLINICA DE ORTOPEDIA Y FRACTURAS TRAUMEDICAL SAS,814006170,Prestador sin servicio domiciliario
,523560116601,Institucion Prestadora de Servicios de Salud Indígena Guaitara,900056747,Prestador sin servicio domiciliario
,522070199101,REHABILITARTE IPS S.A.S.,900542500,Sevicio domiciliario habilitado
,528350112701,UNIR I.P.S S.A.S,900039796,Sevicio domiciliario habilitado
,526780240901,Prosanit,900958773,Sevicio domiciliario habilitado
,520010180901,IPS DOMICILIARIA S.A.S.,900278648,Sevicio domiciliario habilitado
,523990204401,YULY MILEY CASTILLO ERAZO,1089478436,Prestador sin servicio domiciliario
,520010203701,INSTITUTO DE ENFERMEDADES CRONICAS SAS,900586221,Prestador sin servicio
,526830131001,IPS SANARSALUD SAS,900105595,Sevicio domiciliario habilitado
,528380178201,IPS FISIOSALUD,900369494,Sevicio domiciliario habilitado
,520010121315,RED MEDICRON IPS - UNIDAD DE TERAPIAS FATIMA,900077584,Sevicio domiciliario habilitado
,523990202701,CRC CERTIFICAMOS DE LA UNIÓN,900576919,Sevicio domiciliario habilitado
,522600202101,I.P.S SERVICIOS ESPECIALES DE REHABILITACIÓN EN SALUD SERES SAS,900574215,Sevicio domiciliario habilitado
,528380186901,FONOCENTER SAS,900448248,Sevicio domiciliario habilitado
,522580256501,Dany Viviana Ordóñez Gómez,1087644669,Prestador sin servicio domiciliario
,522270032101,ESE HOSPITAL CUMBAL,814001329,Sevicio domiciliario habilitado
,525600023701,E.S.E CENTRO HOSPITAL LUIS ANTONIO MONTERO,814003182,Prestador sin servicio domiciliario
,526870155701,E.S.E. CENTRO DE SALUD SAN LORENZO,900192832,Sevicio domiciliario habilitado
,522870144001,CENTRO DE SALUD FUNES E.S.E.,900128655,Sevicio domiciliario habilitado
,520510141301,E.S.E CENTRO DE SALUD SAN MIGUEL,900135676,Sevicio domiciliario habilitado
,521100150401,E.S.E. CENTRO DE SALUD VIRGEN DE LOURDES,900142579,Sevicio domiciliario habilitado
,520010198801,INSTITUTO DE DIAGNOSTICO MEDICO SEDE PASTO,800065396,Sevicio domiciliario habilitado
,523560173401,ips indígena mallamas,837000084,Sevicio domiciliario habilitado
,520010031302,IPS PASTO NORTE,814006380,Prestador sin servicio
,528350031301,IPS TUMACO,5283500313,Sin registro REPS
,520010031303,IPS PASTO MARIDIAZ,814006380,Prestador sin servicio
,528350090501,CENTRO HOSPITAL DIVINO NIÑO E.S.E.,840001036,Sevicio domiciliario habilitado
,520010224001,Hospital en casa oficina Pasto,5200102240,Sin registro REPS
,523990023401,E.S.E HOSPITAL EDUARDO SANTOS,891200952,Prestador sin servicio domiciliario
,520010110201,HOSPITAL UNIVERSITARIO DEPARTAMENTAL DE NARIÑO,891200528,Prestador sin servicio domiciliario
,520010009601,HOSPITAL SAN RAFAEL DE PASTO,891200274,Prestador sin servicio domiciliario
,526830134302,IPS UNIONSALUD SEDE SANDONA,5268301343,Sin registro REPS
,523560009701,ASOCIACION DE CABILDOS INDIGENAS ZONA IPIALES,837000096,Prestador sin servicio domiciliario
,522150049401,centro de salud indigena del resguardo de males,814003254,Prestador sin servicio domiciliario
,523560035601,E.S.E. HOSPITAL CIVIL DE IPIALES,800084362,Prestador sin servicio domiciliario
,520010192301,CORPORACIÓN PARA LA SALUD INTEGRAL S.A.S. - CORPOSALUD S.A.S.,900335692,Prestador sin servicio domiciliario
,524180146301,E.S.E CENTRO DE SALUD DE LOS ANDES,900142446,Sevicio domiciliario habilitado
,520010197901,Clínica Oncológica Aurora SAS,900442870,Sevicio domiciliario habilitado
,520010027901,CLINICA NUESTRA SEÑORA DE FATIMA,891200032,Prestador sin servicio domiciliario
,520010241401,IPS UNIDAD PEDIÁTRICA INTEGRAL,900964080,Sevicio domiciliario habilitado
,523560087901,FUNDACIÓN REHABILITAR NARIÑO,837000997,Sevicio domiciliario habilitado
,528380241301,CLINICA LOS ANGELES SALUD Y BELLEZA SAS,5283802413,Sin registro REPS
,523560021201,CENTRO MEDICO AMERICASALUD,837000738,Sevicio domiciliario habilitado
,528350214301,ASISTENCIA TERAPÉUTICA EN CASA SAS,900691144,Sevicio domiciliario habilitado
,520010014501,REHABILITACION DIRIGIDA MEDICAMENTE REDIME LTDA.,814000839,Prestador sin servicio domiciliario
,520010145301,CLINICAL SPA CIRUGIA PLASTICA & LASER LTDA,900047319,Prestador sin servicio domiciliario
,523560104902,LOS ANGELES IPS,5235601049,Sin registro REPS
,523560257901,Recuperar Salud Centro de Rehabilitación Integral S.A.S,901080824,Sevicio domiciliario habilitado
,528850174003,Johana Vanesa  Benavides Moreno,5288501740,Sin registro REPS
,523540246301,REHABILITACIÓN DEL MOVIMIENTO IPS SAS PEDREGAL,900984277,Sevicio domiciliario habilitado
,528350164001,REHABILITEMOS PACIFICO IPS,900247978,Prestador sin servicio domiciliario
,520790174701,LUZ YOJAIRA RAMOS CASTILLO,38889683,Sevicio domiciliario habilitado
,528850234302,Paola Gineth Paredes Reina,5288502343,Sin registro REPS
,520360186201,NANCY ALCIRA BRAVO BASTIDAS,27109451,Prestador sin servicio domiciliario
,528850234902,Sandra Liliana Capote Palechor,5288502349,Sin registro REPS
,525850093301,CENTRO DE SALUD SAN JUAN BAUTISTA DE PUPIALES,814006654,Sevicio domiciliario habilitado
,523170066001,HOSPITAL GUACHUCAL ESE,837000286,Sevicio domiciliario habilitado
,523560132701,CAJA DE COMPENSACION FAMILIAR DE NARIÑO IPS SEDE IPIALES,891280008,Prestador sin servicio domiciliario
,522400139901,E.S.E. CENTRO DE SALUD NUESTRA SEÑORA DE FÁTIMA,900134497,Sevicio domiciliario habilitado
,520830138401,E.S.E. CENTRO DE SALUD BELEN,814001677,Prestador sin servicio domiciliario
,522580182701,IPS-I del Pueblo Inga en Aponte,900408019,Prestador sin servicio domiciliario
,520010131201,CENTRO DE APOYO TERAPEUTICO REHABILITAR SAS,900105596,Sevicio domiciliario habilitado
,520010104904,IPS LOS ANGELES,5200101049,Sin registro REPS
,520010151301,UNIDAD MEDICA UROLOGICA DE NARIÑO LTDA.  - UROLAN LTDA.,900145238,Prestador sin servicio domiciliario
,526930035101,HOSPITAL SAN CARLOS E.S.E.,891200543,Sevicio domiciliario habilitado
,520010029201,CLINICA OFTALMOLOGICA PAREDES SAS,800184080,Prestador sin servicio domiciliario
,520790140701,E.S.E. HOSPITAL SAN ANTONIO DE BARBACOAS,891200445,Sevicio domiciliario habilitado
,520010277301,SANAS IPS PASTO,5200102773,Sin registro REPS
,520010101201,CENTRO MEDICO VALLE DE ATRIZ E.U.,830504400,Prestador sin servicio domiciliario
,520010066901,"PROFESIONALES DE LA SALUD S.A. ""PROINSALUD S.A.""",800176807,Sevicio domiciliario habilitado
,522600143601,CENTRO HOSPITAL SAN LUIS E.S.E.,900153346,Sevicio domiciliario habilitado
,523230139001,CENTRO DE SALUD SEÑOR DE LOS MILAGROS DE GUALMATÁN - EMPRESA SOCIAL DEL ESTADO - E.S.E.,814001594,Sevicio domiciliario habilitado
,528380121318,RED MEDICRON IPS - HOSPITAL SAN JOSE DE TUQUERRES,5283801213,Sin registro REPS
,524050154301,ESE CENTRO DE SALUD SAN JOSE DE LEIVA,900193766,Prestador sin servicio domiciliario
,524110089601,E.S.E. JUAN PABLO II DEL MUNICIPIO DE LINARES,814006620,Sevicio domiciliario habilitado
,522030138901,E.S.E. CENTRO DE SALUD LA BUENA ESPERANZA,900136920,Sevicio domiciliario habilitado
,520010204501,IPS San Felipe,900544001,Prestador sin servicio domiciliario
,525060143301,CENTRO DE SALUD SAN MIGUEL ARCANGEL DE OSPINA ESE,900126676,Sevicio domiciliario habilitado
,522070092601,CENTRO DE SALUD CONSACA EMPRESA SOCIAL DEL ESTADO,814006732,Sevicio domiciliario habilitado
,520010226701,DIEGO LAUREANO MENDEZ ZHAÑAY,13012572,Sevicio domiciliario habilitado
,523780024001,HOSPITAL EL BUEN SAMARITANO E.S.E. LA CRUZ,891201410,Sevicio domiciliario habilitado
,522580150701,E.S.E. CENTRO DE SALUD DEL TABLON DE GOMEZ,900154361,Prestador sin servicio domiciliario
,523810150201,CENTRO HOSPITAL DE LA FLORIDA EMPRESA SOCIAL DEL ESTADO,900192544,Sevicio domiciliario habilitado
,526780061301,ESE HOSPITAL LORENCITA VILLEGAS DE SANTOS,891200622,Sevicio domiciliario habilitado
,522100176201,CENTRO DE SALUD SAGRADO CORAZON DE JESUS E.S.E.,900126794,Sevicio domiciliario habilitado
,522270011001,IPS DEL CABILDO INDIGENA DE CHILES,900089294,Prestador sin servicio domiciliario
,522240091401,CENTRO DE SALUD CUASPUD-CARLOSAMA EMPRESA SOCIAL DEL ESTADO,814006607,Sevicio domiciliario habilitado
,520190246302,REHABILITACIÓN DEL MOVIMIENTO IPS SAS LA ERRE,5201902463,Sin registro REPS
,528850288202,Caroll Ximena Lopez Angulo,5288502882,Sin registro REPS
,520010275301,BIENESTAR RESPONSABILIDAD INTEGRAL ASISTENCIAL SAS,901146590,Sevicio domiciliario habilitado
,522240158701,SOLIDARIOS SALUD IPS LIMITADA,5222401587,Sin registro REPS
,523850283601,Erica Eliana Benavides  Ortega,1089244306,Sevicio domiciliario habilitado
,528350148901,IPS PUENTE DEL MEDIO,900180747,Prestador sin servicio domiciliario
,520360098801,CENTRO DE SALUD ANCUYA E.S.E.,900000410,Sevicio domiciliario habilitado
,520010002301,GERARDO  LUNA SALAZAR,12962343,Prestador sin servicio domiciliario
,520010247701,ILIOS SEDE PASTO,900939033,Prestador sin servicio domiciliario
,528350104901,LOS ANGELES IPS,837000708,Sevicio domiciliario habilitado
,526940137301,E.S.E CENTRO DE SALUD MUNICIPAL DE CARTAGO,900122524,Prestador sin servicio domiciliario
,520190143401,ESE CENTRO DE SALUD SAN JOSE,900131684,Sevicio domiciliario habilitado
,523520040701,CENTRO DE SALUD ILES E.S.E.,814006632,Sevicio domiciliario habilitado
,520010180501,Laboratorio de Especialidades CLINIZAD S.A.S,900360269,Sevicio domiciliario habilitado
,528380253501,POLICLINICO CER,901058247,Prestador sin servicio domiciliario
,524900148501,CENTRO DE SALUD CAMILO HURTADO CIFUENTES ESE,900127853,Sevicio domiciliario habilitado
,528380031306,IPS TUQUERRES,5283800313,Sin registro REPS
,520010283501,MEDICUC IPS PASTO,900204617,Sevicio domiciliario habilitado
,522330154201,E.S.E. SAN PEDRO DE CUMBITARA,900179095,Sevicio domiciliario habilitado
,520010229701,IPS PASTO ESPECIALIDADES SEDE PASTO,900836236,Sevicio domiciliario habilitado
,523900146201,EMPRESA SOCIAL DEL ESTADO NUESTRA SEÑORA DEL CARMEN,900166361,Sevicio domiciliario habilitado
,523850182901,ESE CENTRO DE SALUD SAN JUAN BOSCO,900140292,Sevicio domiciliario habilitado
,522240010801,IPS INDIGENA DE CARLOSAMA DE LA ASOCIACION DE AUTORIDADES INDIGENAS DE LOS PASTOS,814004052,Prestador sin servicio domiciliario
,523170100901,IPS INDIGENA DEL RESGUARDO DE MUELLAMUES,900001297,Sevicio domiciliario habilitado
,525200139201,E.S.E. CENTRO DE SALUD SEÑOR DEL MAR,900140894,Sevicio domiciliario habilitado
,527880137201,CENTRO DE SALUD HERMES ANDRADE MEJIA E.S.E. TANGUA NARIÑO,900125582,Sevicio domiciliario habilitado
,526990136801,CENTRO DE SALUD GUACHAVES,900129891,Sevicio domiciliario habilitado
,524800138701,E.S.E. CENTRO DE SALUD SAN SEBASTIAN,900127207,Sevicio domiciliario habilitado
,525650097201,CENTRO DE SALUD DE PROVIDENCIA E.S.E.,814007194,Prestador sin servicio domiciliario
,526210149301,E.S.E. CENTRO HOSPITAL LAS MERCEDES,900160887,Sevicio domiciliario habilitado
,523200037101,CENTRO HOSPITAL DE GUAITARILLA E.S.E.,814002021,Sevicio domiciliario habilitado
,522560140901,ESE DE PRIMER NIVEL DE EL MUNICIPIO DE EL ROSARIO,900145604,Sevicio domiciliario habilitado
,520010181901,SOCIEDAD MEDICA SURSALUD S.A.S SEDE SUR,900387876,Sevicio domiciliario habilitado
,524730152501,E.S.E. CENTRO DE SALUD SAN FRANCISCO,900167616,Sevicio domiciliario habilitado
,520010019401,AMPARO DE ANCIANOS SAN JOSE,800020591,Sevicio domiciliario habilitado
,528350159301,IPS GLOBAL SALUD LTDA,900231935,Prestador sin servicio domiciliario
,528380121306,RED MEDICRON IPS - TUQUERRES,5283801213,Sin registro REPS
,524270069601,CENTRO DE SALUD SAUL QUIÑONES E.S.E.,900113729,Sevicio domiciliario habilitado
,528380048301,IPS INDIGENA JULIAN CARLOSAMA,814005760,Sevicio domiciliario habilitado
,523170007701,IPS-I ASOCIACION DE CABILDOS DE GUACHUCAL Y COLIMBA,814005647,Sevicio domiciliario habilitado
,520010111401,HNAS. HOSPITALARIAS DEL SAGDO. CORAZON DE JESUS HOSPITAL MENTAL NUESTRA SRA. DEL PERPETUO SOCORRO,860007760,Prestador sin servicio domiciliario
,523780203201,VIVIANA KATHERYM DELGADO ALVEAR,36980185,Sevicio domiciliario habilitado
,528350259501,cinthia yuliet guerrero minota,5283502595,Sin registro REPS
,527880234301,Paola Gineth Paredes Reina,1085275633,Sevicio domiciliario habilitado
,527880174002,Johana Vanesa  Benavides Moreno,5278801740,Sin registro REPS
,522150166501,IPS SAGRADO CORAZON DE JESUS LTDA,900283866,Prestador sin servicio domiciliario
,528380104906,LOS ANGELES IPS TUQUERRES,5283801049,Sin registro REPS
,520010190501,HOME HEALTH SALUD EN CASA SAS IPS PASTO,900355304,Sevicio domiciliario habilitado
,520010282901,VIDA EN CASA,901163399,Sevicio domiciliario habilitado
,522270032104,PUESTO DE SALUD DE CHILES,814001329,Sevicio domiciliario habilitado
,520010237301,SOMEB DE NARIÑO SALUD OCUPACIONAL Y REHABILITACIÓN INTEGRAL S.A.S,900893325,Sevicio domiciliario habilitado
,520010213001,CIREN ABA,900632798,Sevicio domiciliario habilitado
,523780113001,JUDY PATRICIA ALVEAR MUÑOZ,27281593,Sevicio domiciliario habilitado
,522270128301,IPS CUMBE SALUD,900106708,Sevicio domiciliario habilitado
,526830301701,IPS ALIANZA VITAE SAS,901219861,Sevicio domiciliario habilitado
,520010057501,BILMA ROCIO CORDOBA ALBAN,30733775,Prestador sin servicio domiciliario
,523560180504,Laboratorio de Especialidades CLINIZAD S.A.S - Ipiales,5235601805,Sin registro REPS
,520010211202,ips san miguel sas,900661857,Sevicio domiciliario habilitado
,528350331801,Centro de Rehabilitacion y Terapias Integrales para el Bienestar del Ser Humano,901463312,Sevicio domiciliario habilitado
,522270306101,FISIO-MED DEL SUR S.A.S,901374923,Sevicio domiciliario habilitado
,520010151701,IPS KINESIS,900197094,Sevicio domiciliario habilitado
,523560010301,IPS UNIDAD MEDICA,837000043,Prestador sin servicio domiciliario
,520010075201,LABORATORIO CLINICO ESPECIALIZADO LIMITADA,891224312,Sevicio domiciliario habilitado
,520010258001,complemedica,901079938,Sevicio domiciliario habilitado
,525400148701,E.S.E. CENTRO DE SALUD POLICARPA,900176479,Sevicio domiciliario habilitado
,520010173701,LABORATORIO HORMONAL DE NARIÑO,900334303,Prestador sin servicio domiciliario
,522500097401,Hospital Sagrado Corazón de Jesús Empresa Social del Estado de El Charco,891201108,Sevicio domiciliario habilitado
,526780031307,IPS SAMANIEGO,5267800313,Sin registro REPS
,523560031305,IPS IPIALES,5235600313,Sin registro REPS
,520010247301,CENTRO DE DIAGNOSTICO INTEGRAL FETAL SAS,900865853,Prestador sin servicio domiciliario
,520010015701,VIVIR LTDA,814001933,Prestador sin servicio domiciliario
,520010059201,ORLANDO ANTONIO VILLOTA PAREDES,12968807,Prestador sin servicio domiciliario
,520010066701,CLINICA BELLATRIZ S.A.S,814004714,Prestador sin servicio domiciliario
,520010086101,INSTITUTO CANCEROLÓGICO DE NARIÑO LIMITADA,814006009,Prestador sin servicio domiciliario
,520010141101,GILBERTO ENRIQUE BENITEZ ESPAÑA,10547512,Prestador sin servicio domiciliario
,520010022001,RTS  SUCURSAL PASTO,805011262,Prestador sin servicio domiciliario
,520010089101,UNIDAD CARDIOQUIRURGICA DE NARIÑO LTDA,814006248,Prestador sin servicio domiciliario
,521100121308,RED MEDICRON IPS - BUESACO,5211001213,Sin registro REPS
,522400228301,SOL DE LOS ANDES UNIDAD DE SALUD MENTAL,900812655,Prestador sin servicio domiciliario
,520010222701,INTEGRAL SOLUTIONS SD SAS,900348830,Sevicio domiciliario habilitado
,526850137803,PUESTO DE SALUD LA MESA,900134576,Sevicio domiciliario habilitado
,520010006801,MEDINUCLEAR LTDA,800223618,Prestador sin servicio domiciliario
,528350107701,MAGNOLIA  TORRES PEREZ,28797805,Prestador sin servicio domiciliario
,520010226301,CLÍNICA ODENTIS 24 HORAS SAS,900684525,Prestador sin servicio domiciliario
,760010252301,E.S.E. HOSPITAL CARLOS CARMONA MONTOYA IPS,805027338,Sevicio domiciliario habilitado
,760010395701,E.S.E. RED DE SALUD  DEL ORIENTE EMPRESA SOCIAL DEL ESTADO HOSPITAL CARLOS HOLMES TRUJILLO,805027337,Sevicio domiciliario habilitado
,760010395801,E.S.E. RED DE SALUD DEL  CENTRO EMPRESA SOCIAL DEL ESTADO HOSPITAL PRIMITIVO IGLESIAS,805027261,Sevicio domiciliario habilitado
,760010406444,COSMITET LTDA- HOSPITALIZACION EN CASA,830023202,Sevicio domiciliario habilitado
,760010433601,CLINICA COLSANITAS S.A  SEBASTIAN DEL BELALCAZAR,800149384,Sevicio domiciliario habilitado
,760010693801,SISANAR S.A.,900218460,Sevicio domiciliario habilitado
,760010731001,MEJORAR EN CASA LTDA,900263110,Sevicio domiciliario habilitado
,760010747901,WOUND CLINIC S.A.S,900280774,Sevicio domiciliario habilitado
,760010806001,MEDICINA DOMICILIARIA DE COLOMBIA SAS AGENCIA CALI,900348416,Sevicio domiciliario habilitado
,760010837201,REHABILITARTE EN CASA,900459820,Sevicio domiciliario habilitado
,760010965301,SANTANGEL CONSULTA EXTERNA,900063271,Sevicio domiciliario habilitado
,760010999705,CENTRAL CARE CALI,900798106,Sevicio domiciliario habilitado
,760011157701,MEDICINA Y TERAPIAS DOMICILIARIAS,900826841,Sevicio domiciliario habilitado
,760011157705,MTD - HOSPITALIZACIÓN,900826841,Sevicio domiciliario habilitado
,760011218801,IPS BEST HOME CARE SAS,900657491,Sevicio domiciliario habilitado
,760011248301,Medicuc IPS CALI,900204617,Sevicio domiciliario habilitado
,761000252401,E.S.E. HOSPITAL SANTA ANA E.S.E.,891900414,Sevicio domiciliario habilitado
,761111039701,DACARE IPS,900883992,Sevicio domiciliario habilitado
,761471222301,IPS TU SALUD EN NUESTRAS MANOS SAS,901277003,Sevicio domiciliario habilitado
,765200826501,CLINICA PALMA REAL,900363673,Prestador sin servicio domiciliario
,765201011201,SOHAM ACONDICIONAMIENTO Y REHABILITACION FISICA S.A.S,900673755,Sevicio domiciliario habilitado
,767361193102,IPS SEVISALUD SAS,901210005,Sevicio domiciliario habilitado
,768340575101,CLINICA SAN FRANCISCO S.A.,800191916,Sevicio domiciliario habilitado
,768900176701,E.S.E. HOSPITAL LOCAL EMPRESA SOCIAL DEL ESTADO,890309115,Sevicio domiciliario habilitado
,768920999701,CENTRAL CARE SANTA MARTA,900798106,Sevicio domiciliario habilitado
,768950465601,E.S.E. HOSPITAL DEPARTAMENTAL SAN RAFAEL EMPRESA SOCIAL DEL ESTADO,891900441,Sevicio domiciliario habilitado
,760361162901,ALFAMED HOMECARE,901140471,Sevicio domiciliario habilitado
,761110170501,E.S.E. HOSPITAL DIVINO NIÑO EMPRESA SOCIAL DEL ESTADO,815001140,Sevicio domiciliario habilitado
,765200826505,CENTRO PLATINO PALMIRA,900363673,Prestador sin servicio domiciliario
,760010482701,RECUPERAR SA IPS 08,805026771,Sevicio domiciliario habilitado
,760011272101,FIDEM,901438917,Sevicio domiciliario habilitado
,762480472201,E.S.E. HOSPITAL SAN RAFAEL EMPRESA SOCIAL DEL ESTADO,891380103,Sevicio domiciliario habilitado
,765200826508, CCHRISTUS SINERGIA TOMA DE MUESTRA LABORATORIO CLINICO PALMIRA,900363673,Prestador sin servicio domiciliario
,766060212601,E.S.E. HOSPITAL SAN JOSE EMPRESA SOCIAL DEL ESTADO,891901745,Sevicio domiciliario habilitado
,766160168901,HOSPITAL KENNEDY ESE,891900732,Sevicio domiciliario habilitado
,760011083802,SALUD P&P SAS,900466543,Sevicio domiciliario habilitado
,761091102301,Medicina Domiciliaria de Colombia S.A.S,900348416,Sevicio domiciliario habilitado
,761220221001,E.S.E. HOSPITAL SANTANDER EMPRESA SOCIAL DEL ESTADO,891900356,Sevicio domiciliario habilitado
,761470814902,INSTITUTO DE DIAGNOSTICO MEDICO CLINICA NUEVA DE CARTAGO,800065396,Sevicio domiciliario habilitado
,762430165301,HOSPITAL SAN RAFAEL EMPRESA SOCIAL DEL ESTADO,891901082,Sevicio domiciliario habilitado
,765200872601,A.I.C Atencion Integral en Casa S.A.S,900524808,Sevicio domiciliario habilitado
,768340826515,CHRISTUS SINERGIA TOMA DE MUESTRAS LABORATORIO CLINICO TULUA,7683408265,Sin registro REPS
,768690412801,HOSPITAL FRANCINETH SANCHEZ HURTADO EMPRESA SOCIAL DEL ESTADO,890307040,Sevicio domiciliario habilitado
,760010826528,CHRISTUS SINERGIA CENTRO SUR CALI,900363673,Sevicio domiciliario habilitado
,760010003721,IPS COMFANDI MORICHAL,890303208,Sevicio domiciliario habilitado
,768280329301,E.S.E. HOSPITAL LOCAL SANTA CRUZ  EMPRESA SOCIAL DEL ESTADO,891901123,Sevicio domiciliario habilitado
,760010091501,"FUNDACION IDEAL PARA LA REHABILITACION INTEGRAL ""JULIO H CALONJE""",890308493,Sevicio domiciliario habilitado
,765200302901,E.S.E. HOSPITAL RAUL OREJUELA BUENO  EMPRESA SOCIAL DEL ESTADO,815000316,Sevicio domiciliario habilitado
,760010395601,E.S.E. RED DE SALUD DEL NORTE EMPRESA SOCIAL DEL ESTADO HOSPITAL JOAQUIN PAZ BORRERO,805027287,Sevicio domiciliario habilitado
,760011522001,STRATEGOS MEDICAL SOLUTIONS,901361856,Sevicio domiciliario habilitado
,760360170701,E.S.E. HOSPITAL SAN VICENTE FERRER,891900390,Sevicio domiciliario habilitado
,761470067210,IPS DEL MUNICIPIO DE CARTAGO E.S.E.,836000386,Sevicio domiciliario habilitado
,761470934201,IPS HYL SALUD SAS,900698537,Sevicio domiciliario habilitado
,760010745201,SERVICIO DE SALUD INMEDIATO IPS S.A.S,900284365,Sevicio domiciliario habilitado
,760010111116,CLINICA IMBANACO S.A.S. SEDE PRINCIPAL,890307200,Sevicio domiciliario habilitado
,760010395401,E.S.E. HOSPITAL DEPARTAMENTAL MARIO CORREA RENGIFO,890399047,Sevicio domiciliario habilitado
,760010395901,E.S.E. RED DE SALUD DE LADERA EMPRESA SOCIAL DEL ESTADO HOSPITAL CAÑAVERALEJO,805027289,Sevicio domiciliario habilitado
,760010631301,MG MEDICAL GROUP SAS,900088052,Sevicio domiciliario habilitado
,760010638801,MESSER COLOMBIA S.A. AGENCIA REMEO CENTER CALI,860005114,Sevicio domiciliario habilitado
,760010670801,MEDICA COLOMBIA,900169638,Sevicio domiciliario habilitado
,760010676001,EMERMEDICA SA,800126785,Sevicio domiciliario habilitado
,760010713401,CUIDARTE EN CASA S.A.S,900236008,Sevicio domiciliario habilitado
,760010729301,EMPRESA DE MEDICINA INTEGRAL EMI S.A. SERVICIO DE AMBULANCIA PREPAGADA SUCURSAL CALI,811007601,Sevicio domiciliario habilitado
,760010774501,MEDISIS SAS,830506902,Sevicio domiciliario habilitado
,760011254301,VISAL RT S.A.S.,901210787,Sevicio domiciliario habilitado
,760410406501,E.S.E. HOSPITAL SANTA ANA DE LOS CABALLEROS ESE  EMPRESA SOCIAL DEL ESTADO,891900446,Sevicio domiciliario habilitado
,761470851601,SALUD INTEGRAL VITAL VIDA SAS AGENCIA CARTAGO VALLE,900472731,Sevicio domiciliario habilitado
,765200833801,CENTRO DE EXCELENCIA CLINICA SANTA HELENA LTDA,900195454,Sevicio domiciliario habilitado
,768230220101,E.S.E. HOSPITAL LOCAL SAGRADA FAMILIA EMPRESA SOCIAL DEL ESTADO,891900361,Sevicio domiciliario habilitado
,768340170801,E.S.E. HOSPITAL RUBEN CRUZ VELEZ EMPRESA SOCIAL DEL ESTADO,821000831,Sevicio domiciliario habilitado
,768340406441,COSMITET LTDA CORPORACION DE SERVICIOS MEDICOS INTERNACIONALES.,7683404064,Sin registro REPS
,760010306601,CLINICA DE OCCIDENTE,890300513,Sevicio domiciliario habilitado
,760011261801,SYNLAB LA FLORA CALI,800087565,Sevicio domiciliario habilitado
,760200165701,E.S.E. HOSPITAL SAN VICENTE DE PAUL,891900438,Sevicio domiciliario habilitado
,761110349501,FUNDACION HOSPITAL SAN JOSE,891380054,Sevicio domiciliario habilitado
,760010253401,IPS SURA SAN FERNANDO CALI,811007832,Sevicio domiciliario habilitado
,760011279601,IPS HORIZONTE SOCIAL LA ESPERANZA VALLE,901011395,Prestador sin servicio domiciliario
,763640379501,E.S.E. HOSPITAL PILOTO JAMUNDI EMPRESA SOCIAL DEL ESTADO,890306950,Sevicio domiciliario habilitado
,767360471001,E.S.E. HOSPITAL DEPARTAMENTAL CENTENARIO DE SEVILLA EMPRESA SOCIAL DEL ESTADO,821003143,Prestador sin servicio domiciliario
,760010200601,MASTER SALUD SERVICIOS INTEGRALES,800193775,Sevicio domiciliario habilitado
,760010322701,CENTRO DE NEUROREABILITACION SURGIR,800170915,Sevicio domiciliario habilitado
,760010767501,CENTRO DE NEUROREHABILITACION APAES,900328450,Sevicio domiciliario habilitado
,760010819701,BIENESTAR INTEGRAL EN CASA LTDA,900422153,Sevicio domiciliario habilitado
,765200724901,FUNDACION ESPECIALIZADA EN DESARROLLO INFANTIL - FEDI,900256612,Sevicio domiciliario habilitado
,766221193103,IPS SEVISALUD ROLDANILLO,7662211931,Sin registro REPS
,761090724901,FUNDACION ESPECIALIZADA EN DESARROLLO INFANTIL,900256612,Sevicio domiciliario habilitado
,760010668801,TODOMED LTDA CALI,815005074,Sevicio domiciliario habilitado
,760010379901,E.S.E. HOSPITAL UNIVERSITARIO DEL VALLE EVARISTO GARCIA EMPRESA SOCIAL DEL ESTADO,890303461,Sevicio domiciliario habilitado
,760010826502,CHRISTUS SINERGIA UNICENTRO CALI,900363673,Sevicio domiciliario habilitado
,765201124101,jose luis franco medina,94325811,Sevicio domiciliario habilitado
,768340652703,CLINICA MARIANGEL DUMIAN MEDICAL,805027743,Prestador sin servicio domiciliario
,761471083801,SALUD P&P SAS,900466543,Sevicio domiciliario habilitado
,762480809101,IPS INTEGRAL SANTA MARIA S.A.S,900402462,Prestador sin servicio domiciliario
,760010253402,IPS SURA LA FLORA CALI,811007832,Sevicio domiciliario habilitado
,760010253406,IPS SURA PASO ANCHO CALI,811007832,Sevicio domiciliario habilitado
,760010253407,IPS SALUD SURA CHIPICHAPE CALI,811007832,Sevicio domiciliario habilitado
,760010253412,IPS SURA TEQUENDAMA,811007832,Sevicio domiciliario habilitado
,760011038601,CLINICA CASTELLANA,900668922,Sevicio domiciliario habilitado
,760010067801,FUNDACIÓN UNIÓN PARA EL CONTROL DEL CÁNCER - UNICÁNCER,805007737,Sevicio domiciliario habilitado
,768340717401,ATENCION MEDICO INMEDIATA DOMICILIARIA AMID SAS,900246577,Sevicio domiciliario habilitado
,763640375604,"AMIGOS DE LA SALUD, AMISALUD SAS 2",805016006,Prestador sin servicio domiciliario
,760010371501,HOSPITAL SAN JUAN DE DIOS,890303841,Sevicio domiciliario habilitado
,765200939701,CHRISTUS SINERGIA CLINICA PALMA REAL S.A.S.,900699086,Prestador sin servicio domiciliario
,765201250101,Clínica de Alta Complejidad Santa Bárbara S.A.S,901108368,Prestador sin servicio domiciliario
,761090406402,CENTRO MEDICO COSMITET - 2.BUENAVENTURA,830023202,Prestador sin servicio domiciliario
,761110084801,angela maria jaramillo gutierrez,24579822,Prestador sin servicio domiciliario
,760010335901,CLINICA VERSALLES S.A.,800048954,Sevicio domiciliario habilitado
,761090676801,HOSPITAL LUIS ABLANQUE DE LA PLATA EMPRESA SOCIAL DEL ESTADO,835000972,Sevicio domiciliario habilitado
,760011082901,CENTRO INTERNACIONAL SOMOS S.A.S,900999274,Sevicio domiciliario habilitado
,766220170901,E.S.E. HOSPITAL DEPARTAMENTAL SAN ANTONIO DE ROLDANILLO EMPRESA SOCIAL DEL ESTADO,891900343,Prestador sin servicio domiciliario
,766700167501,E.S.E. HOSPITAL ULPIANO TASCON QUINTERO,891301447,Sevicio domiciliario habilitado
,761000252407,PUESTO DE SALUD PUNTA LARGA,891900414,Sevicio domiciliario habilitado
,765630408201,E.S.E. HOSPITAL SAN ROQUE ESE EMPRESA SOCIAL DEL ESTADO,891301121,Sevicio domiciliario habilitado
,763770176801,E.S.E. HOSPITAL SANTA MARGARITA,800160400,Sevicio domiciliario habilitado
,760010803201,FUNDACION ICOMSALUD IPS,900324452,Sevicio domiciliario habilitado
,762330174701,CENTRO MEDICO DAGUA,800173964,Sevicio domiciliario habilitado
,761130170101,E.S.E. HOSPITAL SAN BERNABE EMPRESA SOCIAL DEL ESTADO,891900650,Sevicio domiciliario habilitado
,762500164901,E.S.E. HOSPITAL SANTA LUCIA EMPRESA SOCIAL DEL ESTADO,891901296,Sevicio domiciliario habilitado
,760010111101,CLINICA IMBANACO S.A.S.,890307200,Sevicio domiciliario habilitado
,762330001101,INSTITUCION PRESTADORA DE SERVICIOS DE SALUD SU IPS SAS,805013193,Prestador sin servicio domiciliario
,762330001102,"Institucion Prestadora de Salud ""Su IPS SAS"" Sede Km 30",805013193,Prestador sin servicio domiciliario
,760010287001,FUNDACION VALLE DEL LILI,890324177,Sevicio domiciliario habilitado
,768630165601,HOSPITAL HENRY VALENCIA OROZCO E.S.E,891901061,Sevicio domiciliario habilitado
,760010122901,"EMERGENCIAS MEDICAS A DOMICILIO LTDA ""EMERDOM LTDA""",800184011,Prestador sin servicio domiciliario
,760010252304,PUESTO DE SALUD UNION DE VIVIENDA POPULAR IPS,805027338,Sevicio domiciliario habilitado
,760010300101,UNIVERSIDAD DE VALLE DIRECCION SERVICIOS DE SALUD,890399010,Prestador sin servicio domiciliario
,760010409601,SALUD TOTAL EPS-S S.A. AMERICAS,7600104096,Sin registro REPS
,760010501901,ENFERMERAS SERVICIOS INTEGRALES SAS,7600105019,Sin registro REPS
,760010557301,HOSPITAL EN CASA,7600105573,Sin registro REPS
,760010691501,SOPORTE VITAL CALI,900196862,Sevicio domiciliario habilitado
,760010705901,COOPERATIVA DE SERVICIOS INTEGRALES DE SALUD RED MEDICRON IPS - TEQUENDAMA 43,900077584,Sevicio domiciliario habilitado
,760010790502,SALUD FISICA INTEGRAL SFI CALI,7600107905,Sin registro REPS
,760010853501,CLINIMEDICAL HOME CARE,7600108535,Sin registro REPS
,760010874201,IPS FICADES SAS,900215581,Sevicio domiciliario habilitado
,761090705901,"COOPERATIVA DE SERVICIOS SOLIDARIOS DE SALUD EMSSANAR LTDA ""COOEMSSANAR IPS"" - BUENAVENTURA",7610907059,Sin registro REPS
,761110557303,HOSPITAL EN CASA OFICINA BUGA,7611105573,Sin registro REPS
,761471064701,IPS FAMIPARAISO SAS,900554743,Sevicio domiciliario habilitado
,762480841501,IPS FISIOCENTER CENTRO DE SALUD INTEGRAL S.A.S.,900470508,Sevicio domiciliario habilitado
,765200306201,SALUDCOM LTDA,815000353,Sevicio domiciliario habilitado
,765200557302,HOSPITAL EN CASA S.A. OFICINA PALMIRA,7652005573,Sin registro REPS
,768340557304,HOSPITAL EN CASA S.A OFICINA TULUA,7683405573,Sin registro REPS
,760010530501,CAFI ESIMED CALI NORTE,7600105305,Sin registro REPS
,760010530503,Clinica Esimed Cali Norte,7600105305,Sin registro REPS
,760010538304,IPS CHIPICHAPE,805028511,Prestador sin servicio domiciliario
,760010538307,IPS CALI SUR,805028511,Prestador sin servicio domiciliario
,7600107134 -,idarte en Casa Sas,900236008,Sevicio domiciliario habilitado
,760010863101,MADRIGAL CARE,7600108631,Sin registro REPS
,760010986901,SOY SALUD Y VIDA CALI SAS,900480420,Sevicio domiciliario habilitado
,760011036901,CEPAIN IPS CALI,900772053,Prestador sin servicio
,761090538310,IPS BUENAVENTURA,805028511,Prestador sin servicio
,761110538312,IPS BUGA,7611105383,Sin registro REPS
,761220542102,IPS CAICEDONIA,7612205421,Sin registro REPS
,761470542101,IPS CARTAGO,816007943,Prestador sin servicio domiciliario
,763640538309,IPS JAMUNDI,7636405383,Sin registro REPS
,765200538311,IPS PALMIRA,7652005383,Sin registro REPS
,768340538313,IPS TULUA,7683405383,Sin registro REPS
,760010755201,SAN JUAN HOME CARE S.A.S,900305031,Sevicio domiciliario habilitado
,761110003713,IPS COMFANDI BUGA,7611100037,Sin registro REPS
,760010112501,CLINICA NUESTRA SEÑORA DE LOS REMEDIOS,890301430,Prestador sin servicio domiciliario
,760010191901,MARIA MERCEDES NARANJO VERGARA,31886736,Prestador sin servicio domiciliario
,761090853502,CLINIMEDICAL HOME CARE BUENAVENTURA,7610908535,Sin registro REPS
,768341059201,GLOBAL HOME CARE IPS S.A.S,900946753,Sevicio domiciliario habilitado
,760010772701,SALUD EN CASA MEDICOS,900338571,Sevicio domiciliario habilitado
,763060827401,IPS MEDIC GINEBRA,900442854,Sevicio domiciliario habilitado
,761470050101,JOSE DANILO ALVAREZ VILLEGAS,10216654,Prestador sin servicio domiciliario
,765200837301,FISIOREHABILITAR TERAPIAS INTEGRALES SAS,900463505,Sevicio domiciliario habilitado
,760010530504,cemes cali,7600105305,Sin registro REPS
,760010538308,IPS CENTRAL DE ESPECIALISTAS NORTE,805028511,Prestador sin servicio domiciliario
,760010807701,CLINICA COLOMBIA ES,900242742,Sevicio domiciliario habilitado
,760010826513,SINERGIA SALUD ATENCIÓN BÁSICA TEQUENDAMA,900363673,Sevicio domiciliario habilitado
,760010961402,CLINICA VALLE SALUD SEDE SUR,900631361,Prestador sin servicio domiciliario
,760011018702,CENTRO MEDICO Y DE REHABILITACION VALLESALUD SUR,900847382,Prestador sin servicio domiciliario
,760011050601,UNIDAD MEDICA QUIRURGICA SALUD CALI,900908245,Prestador sin servicio domiciliario
,765200227301,CLINICA PALMIRA S.A.,891300047,Sevicio domiciliario habilitado
,760010029401,CLINICA DE OFTALMOLOGIA DE CALI S.A.,890320032,Prestador sin servicio domiciliario
,760011018701,CENTRO MEDICO Y DE REHABILITACION VALLESALUD SUR,900847382,Prestador sin servicio domiciliario
,760011074301,CLINICA CRISTO REY CALI,900951033,Sevicio domiciliario habilitado
,762750175101,E.S.E. HOSPITAL BENJAMIN BARNEY GASCA,891380055,Sevicio domiciliario habilitado
,760010265701,CLINICA NUESTRA,805023423,Sevicio domiciliario habilitado
,760010346401,CENTRO MEDICO BURGOS,7600103464,Sin registro REPS
,760010576501,CLINICA FARALLONES S.A.,800212422,Prestador sin servicio domiciliario
,760010739102,M Y L MEDICAL PASS. DENTAL CLINIC LTDA.,805031351,Prestador sin servicio domiciliario
,7600104096 -,LUD TOTAL EPS-S S.A.,7600104096,Sin registro REPS
,760010705908,COOPERATIVA DE SERVICIOS INTEGRALES DE SALUD RED MEDICRON IPS - ATENCIÓN DOMICILIARIA,900077584,Sevicio domiciliario habilitado
,760011049101,MEDISALUD MEDICINA EN CASA IPS SAS,900928166,Sevicio domiciliario habilitado
,760010003901,AYUDAS DIAGNOSTICAS SURA TEQUENDAMA,800225057,Sevicio domiciliario habilitado
,760010077201,ONCOLOGOS ASOCIADOS DE IMBANACO S.A.,805003605,Prestador sin servicio domiciliario
,760010360901,E.S.E. HOSPITAL DEPARTAMENTAL PSIQUIATRICO UNIVERSITARIO DEL VALLE,890304155,Sevicio domiciliario habilitado
,760010536401,CORPORACION DE ATENCION INTEGRAL - CORINTEGRA,800138582,Sevicio domiciliario habilitado
,760010518901,SERVIDOC  S.A. (IPS NORTE),805001183,Prestador sin servicio domiciliario
,760010511501,HOSPITAL ISAIAS DUARTE CANCINO EMPRESA SOCIAL DEL ESTADO,805028530,Sevicio domiciliario habilitado
,760010992201,CUIDASER,7600109922,Sin registro REPS
,761090724902,FUNDACION ESPECIALIZADA EN DESARROLLO INFANTIL,900256612,Sevicio domiciliario habilitado
,761110856501,recuperar terapia integral sas,900500582,Sevicio domiciliario habilitado
,768340856502,recuperar terapia integral sas,7683408565,Sin registro REPS
,761300823401,CENTRO INTEGRAL DE REHABILITACION CIR SAS,900432346,Sevicio domiciliario habilitado
,761470681501,UNIDAD RESPIRATORIA RESPIRAR LTDA,830515000,Sevicio domiciliario habilitado
,760010702501,CENTRO DE REHABILITACION ESPECILIZADA CERES IPS LTDA,900228521,Sevicio domiciliario habilitado
,761300370901,E.S.E. HOSPITAL LOCAL CANDELARIA VALLE EMPRESA SOCIAL DEL ESTADO,891380184,Sevicio domiciliario habilitado
,760010252302,CENTRO DE SALUD ANTONIO NARIÑO IPS,805027338,Sevicio domiciliario habilitado
,760010638802,LINDE COLOMBIA - AGENCIA PROGRAMA LISA CALI,860005114,Sevicio domiciliario habilitado
,761091104601,NEO SALUD SAS,901177664,Sevicio domiciliario habilitado
,760010541601,HEMATO-ONCOLOGOS S.A INSTITUTO DE ONCOLOGIA,805017350,Sevicio domiciliario habilitado
,763181095201,IPS SAN JUAN BAUTISTA DE GUACARI SAS,901027783,Prestador sin servicio domiciliario
,765200524031,ASISTENCIA EN SERVICIOS DE SALUD INTEGRALES S.A PALMIRA 3,7652005240,Sin registro REPS
,768340524030,ASISTENCIA EN SERVICIOS DE SALUD INTEGRALES S.A,7683405240,Sin registro REPS
,763640524034,ASISTENCIA EN SERVICIOS DE SALUD INTEGRALES S.A JAMUNDI,7636405240,Sin registro REPS
,768920524029,ASISTENCIA EN SERVICIOS DE SALUD INTEGRALES S.A,805029487,Sevicio domiciliario habilitado
,760010668803,TODOMED LTDA ATENCIÓN DOMICILIARIA,815005074,Sevicio domiciliario habilitado
,761470611001,ONCOLOGOS DEL OCCIDENTE S.A.S.,801000713,Prestador sin servicio domiciliario
,765200975401,Gesencro Palmira,900732243,Sevicio domiciliario habilitado
,768920407301,E.S.E. HOSPITAL LA BUENA ESPERANZA,800030924,Sevicio domiciliario habilitado
,760011140901,MEDIQ CARE,900463808,Sevicio domiciliario habilitado
,765200302949,HOSPITAL RAUL OREJUELA BUENO E.S.E - SEDE SAN VICENTE,815000316,Sevicio domiciliario habilitado
,765200668809,TODOMED LTDA PALMIRA,815005074,Sevicio domiciliario habilitado
,768340668808,TODOMED LTDA TULUA,7683406688,Sin registro REPS
,760010003711,IPS ESPECIALISTAS TEQUENDAMA,890303208,Sevicio domiciliario habilitado
,761470371502,HOSPITAL DE SAN JUAN DE DIOS SEDE CARTAGO,890303841,Prestador sin servicio domiciliario
,760010826504,CENTRO PLATINO CALI NORTE,900363673,Sevicio domiciliario habilitado
,763060252501,E.S.E. HOSPITAL DEL ROSARIO EMPRESA SOCIAL DEL ESTADO,891380070,Prestador sin servicio domiciliario
,768340465201,E.S.E. HOSPITAL DEPÀRTAMENTAL TOMAS URIBE URIBE DE TULUA ESE EMPRESA SOCIAL DEL ESTADO,891901158,Sevicio domiciliario habilitado
,762750239501,CLINICA SALUD FLORIDA S.A.,815000253,Sevicio domiciliario habilitado
,760010849501,MYREY FARIDES SIUFFI DIAZ,66926754,Prestador sin servicio domiciliario
,761110929401,REDES IMAT BUGA,900570697,Sevicio domiciliario habilitado
,768450326501,E.S.E. HOSPITAL PEDRO SAENZ DIAZ  EMPRESA SOCIAL DEL ESTADO,891902036,Sevicio domiciliario habilitado
,760010091503,"FUNDACION IDEAL PARA LA REHABILITACION INTEGRAL ""JULIO H CALONJE""",890308493,Sevicio domiciliario habilitado
,760010794201,FUNDACION REINA ISABEL,900373079,Prestador sin servicio
,760011038603,Clinica Castellana,900668922,Sevicio domiciliario habilitado
,761470608201,CENTRO MEDICO SALUD VITAL EJE CAFETERO S.A.S.,900062327,Prestador sin servicio domiciliario
,762460210401,E.S.E. HOSPITAL SANTA CATALINA EMPRESA SOCIAL DEL ESTADO,891900887,Sevicio domiciliario habilitado
,760010016101,FELIPE  GUTIERREZ ZULUAGA,16363869,Prestador sin servicio domiciliario
,760010079801,ANGELA MARIA LOPEZ TORO,35457594,Prestador sin servicio domiciliario
,760010456401,Dora Vicenta Martinez Cabrera,26535223,Prestador sin servicio domiciliario
,760010697201,PROMOVER CALI,809002913,Sevicio domiciliario habilitado
,760010981801,IPS FELIPE GUTIERREZ ZULUAGA ODONTOLOGIA INTEGRAL S.A.S.,900780211,Prestador sin servicio domiciliario
,760010254101,FUNDACION CLINICA INFANTIL CLUB NOEL,890399020,Prestador sin servicio domiciliario
,760540165201,E.S.E. HOSPITAL PIO XII EMPRESA SOCIAL DEL ESTADO,891901101,Sevicio domiciliario habilitado
,764030164701,E.S.E. HOSPITAL NUESTRA SEÑORA DE LOS SANTOS,891900481,Sevicio domiciliario habilitado
,761090784301,CLINICA SANTA SOFIA DEL PACIFICO LTDA,900228989,Prestador sin servicio domiciliario
,763180669702,MEDICIPS GUACARI,7631806697,Sin registro REPS
,760010744201,SIES SALUD CALI,900123436,Sevicio domiciliario habilitado
,762330322801,E.S.E. HOSPITAL LOCAL JOSE RUFINO VIVAS EMPRESA SOCIAL DEL ESTADO,890305496,Prestador sin servicio domiciliario
,765200003724,IPS COMFANDI PALMIRA,7652000037,Sin registro REPS
,760010111111,SEDE 11 CLINICA IMBANACO S.A.S.,890307200,Sevicio domiciliario habilitado
,760010111115,CENTRO MEDICO IMBANACO CMI,890307200,Sevicio domiciliario habilitado
,760011233701,COMO EN CASA IPS,901294923,Sevicio domiciliario habilitado
,763640035001,CENTRO MEDICO JAMUNDI,890322787,Sevicio domiciliario habilitado
,760010737801,MEDICARTE S.A.,900219866,Sevicio domiciliario habilitado
,763180202701,E.S.E. HOSPITAL SAN ROQUE EMPRESA SOCIAL DEL ESTADO GUACARI,891380046,Sevicio domiciliario habilitado
,768950669710,MEDICIPS ZARZAL,7689506697,Sin registro REPS
,764000165501,HOSPITALGONZALO CONTRERAS EMPRESA SOCIAL DEL ESTADO,891900367,Sevicio domiciliario habilitado
,761090538301,IPS BUENAVENTURA,805028511,Prestador sin servicio
,768340717404,ATENCION MEDICO INMEDIATA DOMICILIARIA AMID SAS,900246577,Sevicio domiciliario habilitado
,760010003734,CLINICA AMIGA,890303208,Sevicio domiciliario habilitado
,760010034701,LIGIA STELLA ECHEVERRY DURAN,31522165,Prestador sin servicio domiciliario
,768340621701,JAIRO HERNAN GONZALEZ BAUTISTA,76303504,Prestador sin servicio domiciliario
,760010375601,"AMIGOS DE LA SALUD, AMISALUD SAS",805016006,Sevicio domiciliario habilitado
,760010809701,HOGAR MEDICO DEL VALLE S.A.S.,900405012,Sevicio domiciliario habilitado
,760011026801,simer salud ips,900849652,Sevicio domiciliario habilitado
,761091106001,IPS VIVIR BUENAVENTURA,7610911060,Sin registro REPS
,761110866211,IPS VIVIR BUGA,7611108662,Sin registro REPS
,761300866208,IPS VIVIR CANDELARIA,7613008662,Sin registro REPS
,762750866210,IPS VIVIR FLORIDA,7627508662,Sin registro REPS
,768340866209,IPS VIVIR TULÚA,900517017,Prestador sin servicio domiciliario
,761090297401,COOPERATIVA INTERSALUD IPS,800253757,Prestador sin servicio
,761130866204,IPS VIVIR BUGALAGRANDE,7611308662,Sin registro REPS
,765200866206,IPS VIVIR PALMIRA,7652008662,Sin registro REPS
,767360538314,IPS SEVILLA,7673605383,Sin registro REPS
,768920866203,IPS VIVIR YUMBO,7689208662,Sin registro REPS
,768950866205,IPS VIVIR ZARZAL,7689508662,Sin registro REPS
,760010255103,Julian  Cordoba  Mejia,16699220,Prestador sin servicio domiciliario
,760010538305,CENTRO MÉDICO FAMILIAR PASOANCHO,805028511,Prestador sin servicio domiciliario
,760010086601,ANGIOGRAFIA DE OCCIDENTE S.A.,800197601,Prestador sin servicio domiciliario
,760010111102,SEDE 02 CLINICA IMBANACO S.A.S.,890307200,Sevicio domiciliario habilitado
,760011161001,TRAUMAORIENTE DEL VALLE,901149757,Prestador sin servicio domiciliario
,768340831401,DOLORMED CENTRO INTEGRAL EN MANEJO DE DOLOR S.A.S,900442930,Sevicio domiciliario habilitado
,763641004702,CENTRO TRAUMA VALLESALUD,900469882,Prestador sin servicio domiciliario
,760010983701,CLINICA DESA S.A.S,900771349,Prestador sin servicio domiciliario
,768341116802,ALVERNIA IPS,901081281,Prestador sin servicio domiciliario
,761470003723,CLINICA COMFANDI CARTAGO,890303208,Sevicio domiciliario habilitado
,765201249201,GYO MEDICAL IPS SAS sede PALMIRA,900386591,Prestador sin servicio domiciliario
,768920003709,IPS COMFANDI YUMBO,7689200037,Sin registro REPS
,760010171201,ANA FLORENCIA DUQUE RECIO,31924443,Prestador sin servicio domiciliario
,760010520501,INSTITUTO PARA NIÑOS CIEGOS Y SORDOS DEL VALLE DEL CAUCA,890303395,Prestador sin servicio domiciliario
,764000538319,IPS LA UNION,7640005383,Sin registro REPS
,760010541604,UNIDAD DE DIAGNÓSTICO HEMATO ONCOLÓGICO,805017350,Sevicio domiciliario habilitado
,760010015201,ANGELA MARIA DOLMETSCH CUEVAS,31905574,Prestador sin servicio domiciliario
,760010222702,CARLOS HERNAN MENDEZ DAZA,16743572,Prestador sin servicio domiciliario
,760011087702,SPORTMEDS PARQUE 103,901002107,Sevicio domiciliario habilitado
,760010485201,OLGA MARCELA URREGO MELENDEZ,51896133,Prestador sin servicio domiciliario
,760010841601,VERONICA  VERA  CABRALES,38555463,Prestador sin servicio domiciliario
,760010115801,EDUARDO  PEREA VIVAS,14953824,Prestador sin servicio domiciliario
,760011036902,CEPAIN IPS CALI 2,900772053,Prestador sin servicio
,768340819901,Magna Salud SAS,900417238,Prestador sin servicio domiciliario
,761091105201,GESENCRO BUENAVENTURA,900732243,Sevicio domiciliario habilitado
,765200808201,FISIOMERA CENTRO INTEGRAL DE TERAPIAS E.U.,900394703,Sevicio domiciliario habilitado
,768340767504,CENTRO DE NEUROREHABILITACION APAES SAS SEDE 4,900328450,Sevicio domiciliario habilitado
,760010903002,SALUD Y VIDA CON CALIDAD S.A.S No. 2,900597001,Prestador sin servicio domiciliario
,768341072501,O POSITIVA SALUD INTEGRAL TULUA S.A.S,900992619,Sevicio domiciliario habilitado
,761471149702,ASISTENCIA CIENTIFICA DE ALTA COMPLEJIDAD SAS,7614711497,Sin registro REPS
,760011149701,ASISTENCIA CIENTÍFICA DE ALTA COMPLEJIDAD S.A.S,7600111497,Sin registro REPS
,761090668801,TODOMED BTURA,815005074,Sevicio domiciliario habilitado
,761000252405,PUESTO DE SALUD AGUAS LINDAS,891900414,Sevicio domiciliario habilitado
,763180875101,"EMPRESA SALUD DEL PACIFICO SAS "" PRESTACION DE SERVICIOS EN SALUD""",900537446,Sevicio domiciliario habilitado
,761260170301,E.S.E. HOSPITAL SAN JORGE,890312380,Sevicio domiciliario habilitado
,760010406427,CLINICA REY DAVID,830023202,Sevicio domiciliario habilitado
,768340169801,CLINICA DE REHABILITACION DEL VALLE LTDA,821000191,Sevicio domiciliario habilitado
,760010406438, COSMITET LTDA FERRO,830023202,Sevicio domiciliario habilitado
,761091104401,CENTRAL CARE BUENAVENTURA,900798106,Sevicio domiciliario habilitado
,760010043801,DIME CLINICA NEUROCARDIOVASCULAR S.A.,800024390,Prestador sin servicio domiciliario
,765200520504,Palmira,890303395,Prestador sin servicio domiciliario
,760010646701,ANA SOFIA VIAFARA CARABALI,66923618,Prestador sin servicio domiciliario
,761090723101,CENTRO DE FISIOTERAPIA Y REHABILITACIÓN PACÍFICO EU IPS,900256351,Sevicio domiciliario habilitado
,760010003730,IPS COMFANDI TORRES,890303208,Sevicio domiciliario habilitado
,761470003722,IPS COMFANDI CARTAGO,890303208,Sevicio domiciliario habilitado
,760010961401,CLINICA VALLE SALUD,900631361,Prestador sin servicio domiciliario
,760010765101,IPS ODONTOSOAT SAS,7600107651,Sin registro REPS
,760011159201,CLINICA NUEVA DE CALI SAS SEDE LA QUINTA,901158187,Prestador sin servicio domiciliario
,760011116801,URGENCIAS VALLESALUD SAN FERNANDO SAS,901081281,Prestador sin servicio domiciliario
,760011045901,CLINICA VALLE SALUD SAN FERNANDO S.A.S,900900754,Prestador sin servicio domiciliario
,760010269502,CARMEN ELENA DE LA HOZ ULLOA,31872165,Prestador sin servicio domiciliario
,761471013101,CLINICA NUEVA DE CARTAGO SAS,900850834,Prestador sin servicio domiciliario
,760010941401,CLINICOS PROGRAMAS DE ATENCIÓN INTEGRAL S.A.S IPS,7600109414,Sin registro REPS
,760010963401,MIOCARDIO S.A.S,7600109634,Sin registro REPS
,760010999001,DR JULIO HOOKER DIGEST CENTER,900762907,Prestador sin servicio domiciliario
,760010194801,GUSTAVO ADOLFO ORDOÑEZ ARANA,16705068,Prestador sin servicio domiciliario
,766220340324,CLINICAORIENTE LTDA,7662203403,Sin registro REPS
,760010107801,CENTRO DE ORTOPEDIA Y FRACTURAS,800004579,Sevicio domiciliario habilitado
,766220170924,PUESTO DE SALUD SAN SEBASTIAN,891900343,Prestador sin servicio domiciliario
,760010615801,COODONTOLOGOS,830118704,Prestador sin servicio domiciliario
,760010287007,Fundación Valle del Lili - Sede Centenario,890324177,Sevicio domiciliario habilitado
,760010975602,Promosalud IPS Cali,900192459,Sevicio domiciliario habilitado
,760010395730,PUESTO DE SALUD ORQUIDEAS,805027337,Sevicio domiciliario habilitado
,765200302908,PUESTO DE SALUD MATAPALO,815000316,Sevicio domiciliario habilitado
,762480472208,PUESTO DE SALUD DE AUJI,891380103,Sevicio domiciliario habilitado
,760010615804,MAXILARX,830118704,Prestador sin servicio domiciliario
,760010125101,FERNANDO  QUIROZ ROMERO,16646938,Prestador sin servicio domiciliario
,760010030901,GRUPO MEDICO ESPECIALIZADO AIREC,800075729,Prestador sin servicio domiciliario
,760010364301,FRESENIUS MEDICAL CARE COLOMBIA S.A. UNIDAD RENAL LOS CÁMBULOS,830007355,Prestador sin servicio domiciliario
,763180202702,PUESTO DE SALUD DE SONSO,891380046,Sevicio domiciliario habilitado
,761090520501,INSTITUTO PARA NIÑOS CIEGOS Y SORDOS DEL VALLE DEL CAUCA,890303395,Prestador sin servicio domiciliario
,761471036701,PSICO SALUD Y TRANSFORMACION S.A.S,900235279,Prestador sin servicio domiciliario
,761220221010,PUESTO DE SALUD SAN GERARDO,891900356,Sevicio domiciliario habilitado
,760010072901,RTS - SERVICIOS DE TERAPIA RENAL DEL VALLE,805011262,Prestador sin servicio domiciliario
,760010139001,CLINICA BASILIA S.A.,805016107,Sevicio domiciliario habilitado
,764030164708,PUESTO DE SALUD CORREGIMIENTO SAN PEDRO,891900481,Sevicio domiciliario habilitado
,764970165001,E.S.E. HOSPITAL LOCAL DE OBANDO EMPRESA SOCIAL DEL ESTADO,891901041,Sevicio domiciliario habilitado
,768900176703,PUESTO DE SALUD PUENTE TIERRA,890309115,Sevicio domiciliario habilitado
,768340364302,FRESENIUS MEDICAL CARE COLOMBIA S.A. UNIDAD RENAL TULUA,830007355,Prestador sin servicio domiciliario
,761470072905,RTS SUCURSAL CARTAGO,7614700729,Sin registro REPS
,765200072906,RTS SUCURSAL PALMIRA,805011262,Prestador sin servicio domiciliario
,765200072910,RTS AGENCIA CLINICA PALMIRA,805011262,Prestador sin servicio domiciliario
,768340169808,CLÍNICA DE REHABILITACIÓN DEL VALLE S.A. Sede 2,821000191,Sevicio domiciliario habilitado
,768340894701,CENTRO DE ALTA TECNOLOGIA DIAGNOSTICA DEL EJE CAFETERO S.A. - CEDICAF S.A.,800228215,Prestador sin servicio domiciliario
,761110072904,RTS SUCURSAL BUGA,7611100729,Sin registro REPS
,768340072903,RTS SUCURSAL TULUA,7683400729,Sin registro REPS
,765630408206,PUESTO DE SALUD CORREGIMIENTO LA TUPIA,891301121,Sevicio domiciliario habilitado
,760010767502,CENTRO DE NEUROREHABILITACION APAES SAS 2,900328450,Sevicio domiciliario habilitado
,764000899302,IPS CENTRO DE ESPECIALISTAS ORTHOESTETIC S.A.S,900586163,Sevicio domiciliario habilitado
,760010364303,FRESENIUS MEDICAL CARE COLOMBIA UNIDAD RENAL CALI NUESTRA SEÑORA DEL ROSARIO,830007355,Prestador sin servicio domiciliario
,760010072909,RTS AGENCIA SAN FERNANDO,805011262,Prestador sin servicio domiciliario
,760010995201,Alergologos de Occidente S.A.S.,900798538,Prestador sin servicio domiciliario
,760010098001,MARCO EDUARDO MARTINEZ ARISTIZABAL,16663339,Prestador sin servicio domiciliario
,760010645901,CARDENAS CARDONA LUIS FERNANDO,94371931,Prestador sin servicio domiciliario
,767360705903,COOPERATIVA DE SERVICIOS INTEGRALES DE SALUD RED MEDICRON IPS - SEVILLA CENTRO,7673607059,Sin registro REPS
,760011039501,XIEXE CENTRO TERAPEUTICO SAS,900854589,Sevicio domiciliario habilitado
,761091101201,sedensa s.a.s servicios domiciliarios en salud,7610911012,Sin registro REPS
,760010003735,CENTRO DE ESPECIALISTAS CLINICA AMIGA,890303208,Sevicio domiciliario habilitado
,768920406416,CENTRO MEDICO COSMITE LTDA YUMBO,7689204064,Sin registro REPS
,760010448401,ANGEL DIAGNOSTICA S.A.  SEDE 10,7600104484,Sin registro REPS
,760010091502,Fundacion Ideal para la Rehabilitacion integral Julio H Calonje,890308493,Sevicio domiciliario habilitado
,760010704901,VIVA 1A IPS CALI,900219120,Prestador sin servicio domiciliario
,760010705904,"COOPERATIVA DE SERVICIOS SOLIDARIOS DE SALUD EMSSANAR LTDA ""COOEMSSANAR IPS"" - CALI TEQUENDAMA 44",900077584,Sevicio domiciliario habilitado
,760010375605,AMISALUD EDIFICIO AZUL,805016006,Sevicio domiciliario habilitado
,760010663501,fundacion para el servicio integral de atencion medica-fundacion siam,900034438,Prestador sin servicio domiciliario
,765200705902,COOPERATIVA DE SERVICIOS INTEGRALES DE SALUD RED MEDICRON IPS - PALMIRA,900077584,Prestador sin servicio
,760010814906,INSTITUTO DE DIAGNOSTICO MEDICO S.A. CALI CLÍNICA DESA,800065396,Sevicio domiciliario habilitado
,760010353701,CLINICA SALUDCOOP CALI,7600103537,Sin registro REPS
,768340147701,CLINICA MEDICO QUIRURGICA ALVERNIA LTDA.,800255591,Sevicio domiciliario habilitado
,761091102601,CLINICA DE FRACTURAS BUENAVENTURA S.A.S.,7610911026,Sin registro REPS
,761110913601,UCI NUESTRA SEÑORA DE FATIMA S.A.S,7611109136,Sin registro REPS
,760010003704,IPS ODONTOLOGICA  SANTA ROSA,890303208,Sevicio domiciliario habilitado
,760011036001,CLINICA NUEVA RAFAEL URIBE URIBE SAS,900891513,Sevicio domiciliario habilitado
,760010340301,CLINICA  ORIENTE,800194671,Prestador sin servicio domiciliario
,190010754701,EMPRESA SOCIAL DEL ESTADO POPAYAN E.S.E UNIDAD DE ATENCIÓN EN SALUD SUROCCIDENTE,900145579,Sevicio domiciliario habilitado
,191420720901,EMPRESA SOCIAL DEL ESTADO ESE NORTE 2 UNIDAD DE ATENCION EN SALUD CALOTO,900146006,Prestador sin servicio domiciliario
,192120720904,EMPRESA SOCIAL DEL ESTADO ESE NORTE 2 UNIDAD DE ATENCION EN SALUD CORINTO,1921207209,Sin registro REPS
,192560808401,EMPRESA SOCIAL DEL ESTADO HOSPITAL DE EL TAMBO CAUCA UNIDAD DE ATENCION EN SALUD EL TAMBO,891501104,Prestador sin servicio domiciliario
,194550720914,EMPRESA SOCIAL DEL ESTADO ESE NORTE 2 UNIDAD DE ATENCIÓN EN SALUD MIRANDA,1945507209,Sin registro REPS
,194730508607,EMPRESA SOCIAL DEL ESTADO ESE CENTRO I UNIDAD DE ATENCION EN SALUD MORALES,1947305086,Sin registro REPS
,195130719602,EMPRESA SOCIAL DEL ESTADO NORTE 3 - ESE UNIDAD DE ATENCION EN SALUD PADILLA,1951307196,Sin registro REPS
,195170007501,EMPRESA SOCIAL DEL ESTADO TIERRADENTRO ESE UNIDAD DE ATENCION EN SALUD PAÉZ,900145585,Prestador sin servicio domiciliario
,195320001201,E.S.E. HOSPITAL NIVEL I EL BORDO,891500736,Sevicio domiciliario habilitado
,195480005805,Cabildo Indígena de Guambia Hospital Mama Dominga Ips - I Subsede Piendamo,1954800058,Sin registro REPS
,195480508601,EMPRESA SOCIAL DEL ESTADO ESE CENTRO I UNIDAD  DE ATENCION EN SALUD PIENDAMO,900145581,Sevicio domiciliario habilitado
,195730719601,EMPRESA SOCIAL DEL ESTADO NORTE 3 - ESE UNIDAD DE ATENCION EN SALUD PUERTO TEJADA,900146438,Sevicio domiciliario habilitado
,196220002302,EMPRESA SOCIAL DEL ESTADO CENTRO 2 E.S.E. UNIDAD DE ATENCION EN SALUD ROSAS,900146471,Sevicio domiciliario habilitado
,196980002601,QUILISALUD E.S.E. UNIDAD DE ATENCION EN SALUD MORALES DUQUE,817003532,Sevicio domiciliario habilitado
,197010005111,EMPRESA SOCIAL DEL ESTADO SURORIENTE E.S.E UNIDAD DE ATENCION EN SALUD SANTA ROSA,1970100051,Sin registro REPS
,197430005801,CABILDO DE GUAMBIA HOSPITAL MAMA DOMINGA,817000162,Sevicio domiciliario habilitado
,197600002303,EMPRESA SOCIAL DEL ESTADO CENTRO 2 E.S.E. UNIDAD DE ATENCION EN SALUD PAISPAMBA,1976000023,Sin registro REPS
,198450719603,EMPRESA SOCIAL DEL ESTADO NORTE 3 - ESE UNIDAD DE ATENCION EN SALUD VILLA RICA,1984507196,Sin registro REPS
,191300508603,EMPRESA SOCIAL DEL ESTADO ESE CENTRO I UNIDAD DE ATENCION EN SALUD CAJIBIO,1913005086,Sin registro REPS
,193920002301,EMPRESA SOCIAL DEL ESTADO CENTRO 2 E.S.E. UNIDAD DE ATENCION EN SALUD LA SIERRA,1939200023,Sin registro REPS
,195330754725,EMPRESA SOCIAL DEL ESTADO POPAYAN E.S.E  UNIDAD DE ATENCION EN SALUD  PIAMONTE,1953307547,Sin registro REPS
,196930005107,EMPRESA SOCIAL DEL ESTADO SURORIENTE E.S.E UNIDAD DE ATENCION EN SALUD SAN SEBASTIAN,1969300051,Sin registro REPS
,197430508608,EMPRESA SOCIAL DEL ESTADO ESE CENTRO I UNIDAD DE ATENCION EN SALUD SILVIA,1974305086,Sin registro REPS
,198070001701,HOSPITAL TIMBIO - EMPRESA SOCIAL DEL ESTADO UNIDAD DE ATENCIÓN EN SALUD TIMBÍO,817000999,Sevicio domiciliario habilitado
,198240754713,EMPRESA SOCIAL DEL ESTADO POPAYAN E.S.E  UNIDAD DE ATENCION EN SALUD  TOTORO,1982407547,Sin registro REPS
,191000011401,ESE SUR OCCIDENTE UNIDAD DE ATENCION EN SALUD BOLIVAR,900145767,Prestador sin servicio domiciliario
,191370754728,EMPRESA SOCIAL DEL ESTADO POPAYAN E.S.E UNIDAD DE ATENCION EN SALUD CALDONO,1913707547,Sin registro REPS
,195850754722,EMPRESA SOCIAL DEL ESTADO POPAYAN E.S.E  UNIDAD DE ATENCION EN SALUD PURACE,1958507547,Sin registro REPS
,193550007502,EMPRESA SOCIAL DEL ESTADO TIERRADENTRO ESE UNIDAD DE ATENCIÓN EN SALUD INZÁ,1935500075,Sin registro REPS
,196980002610,QUILISALUD E.S.E. UNIDAD DE ATENCION EN SALUD CENTRO,817003532,Sevicio domiciliario habilitado
,191420720903,CENTRO DE SALUD GUACHENE,900146006,Prestador sin servicio domiciliario
,196980002501,Asociación de Cabildos Indígenas del Norte del Cauca  SALUD-ACIN.  Entidad Publica de carácter especial.,817000232,Sevicio domiciliario habilitado
,191420002507,CALOTO,1914200025,Sin registro REPS
,192120002504,CORINTO,1921200025,Sin registro REPS
,194550002502,MIRANDA,1945500025,Sin registro REPS
,190010850605,CIAEPE POPAYÁN IPS,1900108506,Sin registro REPS
,190010826401,FISIOSALUD DEL CAUCA IPS S.A.S,900309301,Sevicio domiciliario habilitado
,190010882401,FUNDACION NACER PARA VIVIR IPS,1900108824,Sin registro REPS
,195320838501,ODONTOMEDICA DEL PATIA,900387870,Sevicio domiciliario habilitado
,190010858301,Todomed ips,815005074,Sevicio domiciliario habilitado
,190010823101,SIES SALUD POPAYÁN,900123436,Sevicio domiciliario habilitado
,190010832401,Medicina Domiciliaria de Colombia S.A.S.,900348416,Sevicio domiciliario habilitado
,190010617005,IPS NUEVA POPAYAN,817001920,Sevicio domiciliario habilitado
,190010917301,I.P.S HC MEDICAL CUIDADO AVANZADO DE HERIDAS S.A.S,901163240,Sevicio domiciliario habilitado
,190010818301,Asociación Indígena del Cauca IPSI MINGA,817001773,Sevicio domiciliario habilitado
,190010828901,CENTRO TERAPEUTICO INTEGRAL DEL CAUCA IPS S.A.S.,900324532,Sevicio domiciliario habilitado
,190010834001,HOME HEALTH SALUD EN CASA SAS IPS,900355304,Sevicio domiciliario habilitado
,190010702504,CLINICA LA ESTANCIA S.A,817003166,Sevicio domiciliario habilitado
,190010902901,SIGMA MEDICAL CARE,901118652,Sevicio domiciliario habilitado
,196980001601,HOSPITAL FRANCISCO DE PAULA SANTANDER E.S.E. NIVEL II UNIDAD DE ATENCION EN SALUD SEDE I,891500084,Prestador sin servicio domiciliario
,190010845001,A SU SALUD HOME CARE,900447341,Sevicio domiciliario habilitado
,190010866501,SIEMPREE IPS SAS,900589346,Sevicio domiciliario habilitado
,190010904101,SERVI SALUD DEL CAUCA,901119554,Sevicio domiciliario habilitado
,196980893301,TERAFISICA IPS S.A.S,901019849,Sevicio domiciliario habilitado
,190010719901,UNIDAD FISIOTERAPEUTICA DE OCCIDENTE LTDA,900060943,Sevicio domiciliario habilitado
,190010820701,FUNDACION SABEMOS CUIDARTE,900260224,Sevicio domiciliario habilitado
,196980821901,SOY TU SALUD,900278061,Sevicio domiciliario habilitado
,190010857801,HOME CARE H&M ASOCIADOS IPS SAS,900527395,Prestador sin servicio
,190010885401,GRUPO SAMI SALUD SAS,900827925,Sevicio domiciliario habilitado
,190010887801,sanamos centro de rehabilitación integral sas,900946412,Sevicio domiciliario habilitado
,190010925701,AGS SALUD IPS SAS,1900109257,Sin registro REPS
,195320925702,AGS SALUD IPS SAS PATIA,1953209257,Sin registro REPS
,190010851701,FUNDACIÓN DE REHABILITACIÓN CARDIOPULMONAR,900417474,Prestador sin servicio domiciliario
,190010926701,WOUND CLINIC S.A.S SEDE POPAYÁN,900280774,Sevicio domiciliario habilitado
,195730903801,UNIDAD MEDICA HUMANIZARTE S.A.S.,901140788,Sevicio domiciliario habilitado
,190010003101,HOSPITAL UNIVERSITARIO SAN JOSE DE POPAYAN EMPRESA SOCIAL DEL ESTADO,891580002,Sevicio domiciliario habilitado
,195730506801,Sede Centro,800139253,Prestador sin servicio domiciliario
,190010611305,Unidad de Salud de la Universidad del Cauca,891500319,Sevicio domiciliario habilitado
,190010898001,IPS OSTEOSALUD DEL CAUCA SAS,901076575,Sevicio domiciliario habilitado
,190010922401,SOMOS FES SAS,901273484,Sevicio domiciliario habilitado
,190010703301,IPS POPAYAN,1900107033,Sin registro REPS
,190010834601,Hospital en Casa Oficina Popayán,1900108346,Sin registro REPS
,195320703305,IPS BORDO,1953207033,Sin registro REPS
,196980703302,IPS SANTANDER DE QUILICHAO,1969807033,Sin registro REPS
,190010702501,CLÍNICA LA ESTANCIA,817003166,Sevicio domiciliario habilitado
,195480506701,FUNDACION HUELLAS,817007493,Sevicio domiciliario habilitado
,190010704801,CENTRO MEDICO COSMITET POPAYAN,830023202,Sevicio domiciliario habilitado
,190010885201,CLINICA NEFROUROS SAS SEDE POPAYAN,900231793,Prestador sin servicio domiciliario
,190010886301,CLINICA ESIMED POPAYAN,800215908,Prestador sin servicio
,190010829702,CLÍNICA SANTA GRACIA - DUMIAN MEDICAL S.A.S,805027743,Prestador sin servicio domiciliario
,190010870201,AMES SAS Sede Popayan,900508703,Prestador sin servicio domiciliario
,190010704701,CLINICA DE SALUD MENTAL MORAVIA,817007452,Prestador sin servicio domiciliario
,190010882101,Centro Pediátrico y Cardiológico del Cauca,900598579,Prestador sin servicio domiciliario
,190010710601,ONCOLOGOS ASOCIADOS DEL CAUCA S.A.,900006719,Prestador sin servicio domiciliario
,195480703306,IPS PIENDAMO,1954807033,Sin registro REPS
,195730703303,IPS PUERTO TEJADA,1957307033,Sin registro REPS
,198070703304,IPS TIMBIO,1980707033,Sin registro REPS
,190010656901,ASOCIACION DEL CAUCA PARA LA PREVENCION DE LA CEGUERA Y REHABILITACION DEL LIMITADO VISUAL,817003237,Prestador sin servicio domiciliario
,190010702510,CLINICA LA ESTANCIA,817003166,Sevicio domiciliario habilitado
,190010717901,CENTRO DE ENDOSCOPIA Y ENFERMEDADES DIGESTIVAS,817007512,Prestador sin servicio domiciliario
,191100000502,EMPRESA SOCIAL DEL ESTADO  NORTE 1 E.S.E. UNIDAD DE ATENCION EN SALUD TIMBA,900146010,Prestador sin servicio domiciliario
,195330754726,EMPRESA SOCIAL DEL ESTADO POPAYAN E.S.E  UNIDAD DE ATENCION EN SALUD  MIRAFLOR,1953307547,Sin registro REPS
,196980868601,CENEMED QUILICHAO,900611060,Prestador sin servicio domiciliario
,190010616701,FRESENIUS MEDICAL CARE COLOMBIA S.A,830007355,Prestador sin servicio domiciliario
,191100000501,EMPRESA SOCIAL DEL ESTADO NORTE 1 E.S.E. UNIDAD DE ATENCION EN SALUD BUENOS AIRES,900146010,Prestador sin servicio domiciliario
,193000720916,EMPRESA SOCIAL DEL ESTADO ESE NORTE 2 UNIDAD DE ATENCIÓN EN SALUD GUACHENE,1930007209,Sin registro REPS
,197430005802,SUBSEDE CABILDO DE GUAMBIA HOSPITAL MAMA DOMINGA,817000162,Sevicio domiciliario habilitado
,193970005101,EMPRESA SOCIAL DEL ESTADO SURORIENTE E.S.E UNIDAD DE ATENCION EN SALUD LA VEGA,900145572,Sevicio domiciliario habilitado
,190010754711,EMPRESA SOCIAL DEL ESTADO  POPAYAN E.S.E UNIDAD DE ATENCION EN SALUD TORIBIO MAYA,900145579,Sevicio domiciliario habilitado
,194180006403,EMPRESA SOCIAL DEL ESTADO OCCIDENTE E.S.E UNIDAD DE ATENCION EN SALUD LÓPEZ DE MICAY,1941800064,Sin registro REPS
,190010918001,BIOS IPS MEDICAL CENTER SAS  SEDE 1,901174161,Sevicio domiciliario habilitado
,193180011501,EMPRESA SOCIAL DEL ESTADO GUAPI ESE UNIDAD DE ATENCIÓN EN SALUD GUAPI,900146012,Sevicio domiciliario habilitado
,190010829701,UCI DUMIAN POPAYAN,805027743,Prestador sin servicio domiciliario
,190010852601,Ortodoncia para Todos,900395025,Prestador sin servicio domiciliario
,191000810901,IPS NUESTRA SEÑORA DE LAS MISERICORDIAS LTDA,900218612,Sevicio domiciliario habilitado
,190010506501,INTERFISICA DEL CAUCA LTDA,817001577,Sevicio domiciliario habilitado
,190010002301,HOSPITAL SUSANA LOPEZ DE VALENCIA,891501676,Prestador sin servicio domiciliario
,190220005105,EMPRESA SOCIAL DEL ESTADO SURORIENTE E.S.E UNIDAD DE ATENCION EN SALUD ALMAGUER,1902200051,Sin registro REPS
,193640004006,CXAYU`CE JXUT EMPRESA SOCIAL DEL ESTADO UNIDAD DE ATENCIÓN EN SALUD JAMBALO,1936400040,Sin registro REPS
,190010705901,COOPERATIVA ESPECIALIZADA DE SALUD IPS LIDER SALUD,1900107059,Sin registro REPS
,197430830101,FRANCISCO ALBERTO RIOS  BOLAÑOS,10723159,Sevicio domiciliario habilitado
,194500011407,ESE SUR OCCIDENTE UNIDAD DE ATENCION EN SALUD MERCADERES,1945000114,Sin registro REPS
,190010883501,NUEVA BETANIA IPS,900639443,Prestador sin servicio domiciliario
,190010892301,IPS HORIZONTE SOCIAL LA ESPERANZA SAS,901011395,Sevicio domiciliario habilitado
,190010883503,Nueva Betania IPS,900639443,Prestador sin servicio domiciliario
,190010724301,CABILDO MAYOR DEL  PUEBLO YANACONA,817001621,Sevicio domiciliario habilitado
,190010715401,SMISALUD IPS SAS,900038678,Prestador sin servicio domiciliario
,190500011412,ESE SUR OCCIDENTE UNIDAD DE ATENCION EN SALUD ARGELIA,1905000114,Sin registro REPS
,190010892311,IPS HORIZONTE SOCIAL LA ESPERANZA POPAYAN,901011395,Sevicio domiciliario habilitado
,191300882403,FUNDACION NACER PARA VIVIR SEDE CAJIBIO,900817959,Sevicio domiciliario habilitado
,197430701901,IPS TOTOGUAMPA,817004984,Sevicio domiciliario habilitado
,191370002901,ASOCIACION DE CABILDOS UKAWE'SX NASA ÇXHAB IPS-I,817000224,Sevicio domiciliario habilitado
,198240842201,EQUIPO EXTRAMURAL CORPORACION IPS I NAMOI WASR cabildo indigena de la parcialidad de Totoró,900426556,Sevicio domiciliario habilitado
,191000011404,ESE SUR OCCIDENTE UNIDAD DE ATENCION EN SALUD LERMA,900145767,Prestador sin servicio domiciliario
,191000011405,ESE SUR OCCIDENTE UNIDAD DE ATENCION EN SALUD SAN LORENZO,900145767,Prestador sin servicio domiciliario
